x_meters,y_meters
535320.6697771058,3710400.312234728
535322.1146729856,3710401.7747685127
535323.5583504366,3710403.235835498
535324.9991601225,3710404.696038944
535326.4484175566,3710406.143208613
535327.9004932629,3710407.5819413094
535329.3434864292,3710409.023443578
535330.7863361937,3710410.4570576805
535332.233516819,3710411.876831627
535333.6774993722,3710413.288726301
535335.119448582,3710414.690494045
535336.5599237283,3710416.080603227
535337.9961983697,3710417.460977054
535339.4265345226,3710418.8324993886
535340.8600494871,3710420.185119913
535342.2996393321,3710421.5149713554
535343.7266366472,3710422.90414202
535345.1493695038,3710424.2977408306
535346.5805543275,3710425.682383889
535348.0114350955,3710427.0672505884
535349.4362896607,3710428.4583549313
535350.8650102431,3710429.845339932
535352.300218653,3710431.2254926437
535353.7302860615,3710432.611082301
535355.1612416063,3710433.9955920056
535356.6003559406,3710435.371084212
535358.0423558621,3710436.74319398
535359.4828041717,3710438.1167031513
535360.9169372901,3710439.4972902015
535362.3473777015,3710440.881642449
535363.771537079,3710442.2714834237
535365.1985664779,3710443.6573067848
535366.6334225041,3710445.0339932223
535368.0711706514,3710446.407742869
535369.5143745907,3710447.776276694
535370.9537273886,3710449.148669855
535372.3926054814,3710450.5214207
535373.8415684133,3710451.88346694
535375.2920872567,3710453.243788131
535376.7284854989,3710454.619569028
535378.1633400596,3710455.998076209
535379.6050463526,3710457.370056241
535381.0496567289,3710458.7399499835
535382.4996945059,3710460.1055930615
535383.9602873884,3710461.4623868894
535385.414535158,3710462.8274449203
535386.851934173,3710464.211245761
535388.2959731626,3710465.588229582
535389.7471492366,3710466.9577129683
535391.1918857786,3710468.3339462606
535392.6368399232,3710469.709916944
535394.0899211394,3710471.077278809
535395.5391793799,3710472.4485179125
535396.9807601406,3710473.827601737
535398.4281699831,3710475.2002510554
535399.8798338609,3710476.568370888
535401.3300953527,3710477.9385602707
535402.771810425,3710479.3175853076
535404.2047614113,3710480.7054139413
535405.6415742087,3710482.088625706
535407.0799907843,3710483.469857475
535408.5150455813,3710484.8548600613
535409.9461588637,3710486.2443401227
535411.3787392556,3710487.6336986753
535412.8210501348,3710489.0157402065
535414.2557969146,3710490.4050510754
535415.6815155984,3710491.803359635
535417.0989835223,3710493.210230376
535418.5195693705,3710494.6165679796
535419.9334564798,3710496.030104771
535421.3483047453,3710497.441443168
535422.7687303203,3710498.8474664716
535424.1904392763,3710500.2546718763
535425.6017536402,3710501.671980792
535426.9878155001,3710503.1108625447
535428.3609444348,3710504.563023473
535429.7274379064,3710506.0208202424
535431.0911590733,3710507.4786019097
535432.4369492922,3710508.9491884774
535433.7572858388,3710510.4388862243
535435.052245908,3710511.9478618265
535436.3351509417,3710513.4670393346
535437.6063545016,3710514.9966595527
535438.8645321124,3710516.5377170597
535440.1020221384,3710518.0943508935
535441.3271723558,3710519.663374695
535442.5408892598,3710521.2444665227
535443.7240161209,3710522.8453273177
535444.8809795452,3710524.463525902
535446.0145909182,3710526.0975657734
535447.1364996835,3710527.7427022937
535448.2322029296,3710529.403716581
535449.3018168937,3710531.0797734926
535450.3583741605,3710532.7650540248
535451.3967635776,3710534.463192022
535452.4027507404,3710536.1833504597
535453.3849984437,3710537.9154022015
535454.347118044,3710539.656811416
535455.2974990684,3710541.4054450616
535456.2279394399,3710543.1714581004
535457.1149500052,3710544.9538648035
535457.9758025004,3710546.7489685095
535458.8069082111,3710548.5610022466
535459.595126392,3710550.39479327
535460.3424924387,3710552.2448014133
535461.0603622564,3710554.099077276
535461.7278518733,3710555.9704087195
535462.3394470378,3710557.860512882
535462.8974192318,3710559.770239987
535463.4198044499,3710561.69628674
535463.89413122,3710563.6291488935
535464.3254296972,3710565.5640982487
535464.7165859074,3710567.509516942
535465.0462203419,3710569.463482634
535465.3182044558,3710571.426535506
535465.549753546,3710573.395491495
535465.7282543157,3710575.372840838
535465.845041081,3710577.359872991
535465.9170222756,3710579.3478518655
535465.9462312011,3710581.336809876
535465.9307793757,3710583.3250781163
535465.8573400859,3710585.3160929624
535465.7443602341,3710587.3045107583
535465.5959263982,3710589.2868924867
535465.4040618304,3710591.26654822
535465.1721300047,3710593.2440754054
535464.9017425373,3710595.217759898
535464.6093548283,3710597.189357726
535464.3086110755,3710599.163031712
535463.97064938,3710601.1298827818
535463.584361728,3710603.0907163713
535463.1865143777,3710605.0441453787
535462.7782013037,3710606.9966615667
535462.331381231,3710608.9401724804
535461.8477264245,3710610.874249649
535461.3346964956,3710612.8005236927
535460.8153462736,3710614.727393274
535460.2791834838,3710616.6491452157
535459.7260579023,3710618.5642209835
535459.1686296929,3710620.4783376893
535458.5733214552,3710622.3820164055
535457.9638238866,3710624.279691825
535457.3537190448,3710626.1757768313
535456.7249363634,3710628.067026964
535456.0858705058,3710629.951066541
535455.4360855602,3710631.82791141
535454.7740891724,3710633.7001539315
535454.0980952759,3710635.566968526
535453.39736142,3710637.4237908456
535452.669844282,3710639.269665873
535451.9305418,3710641.1112887184
535451.1665145961,3710642.9430038114
535450.3793139188,3710644.76518788
535449.5717190558,3710646.5794614404
535448.7523457181,3710648.3889802736
535447.9277529615,3710650.1963591645
535447.1013046497,3710652.003372399
535446.278672124,3710653.812855091
535445.4388511854,3710655.6207939945
535444.5953797429,3710657.4255006276
535443.75921135,3710659.2344117635
535442.9313528991,3710661.0494261943
535442.1164826691,3710662.8706031214
535441.30647494,3710664.6928224456
535440.529135536,3710666.5255397293
535439.7973755494,3710668.372635744
535439.1179190266,3710670.236193793
535438.4534134568,3710672.1112599503
535437.8418089283,3710673.9997384883
535437.291167146,3710675.9048751816
535436.7775152987,3710677.821328902
535436.3255705835,3710679.7550205244
535435.9391207877,3710681.7036086796
535435.6221464012,3710683.659423702
535435.378176284,3710685.619936719
535435.1902549601,3710687.591858344
535435.050168029,3710689.578690516
535434.9633018753,3710691.567539759
535434.9336767271,3710693.5521808174
535434.9641379568,3710695.5372063634
535435.0527597519,3710697.526047726
535435.1965073465,3710699.5013816548
535435.3890445902,3710701.475352669
535435.6338645554,3710703.4478130615
535435.932668954,3710705.4150064937
535436.285489656,3710707.373438149
535436.6906886911,3710709.319874725
535437.1396719347,3710711.255280623
535437.63728531,3710713.1741689392
535438.2043379243,3710715.0774273016
535438.8105222346,3710716.963003659
535439.462344399,3710718.831536558
535440.159960261,3710720.691531183
535440.9153533125,3710722.527898393
535441.720294897,3710724.3452613833
535442.5676720203,3710726.1471594656
535443.4533614948,3710727.933378059
535444.3834006762,3710729.6890094187
535445.3741608327,3710731.419456932
535446.4086487447,3710733.1220395453
535447.4881897329,3710734.7923832163
535448.6240983233,3710736.43037196
535449.8160477467,3710738.0344327106
535451.0658149149,3710739.5972765516
535452.3542855396,3710741.124448999
535453.6675606304,3710742.6136731547
535455.0259071784,3710744.058536819
535456.440030234,3710745.462940817
535457.8996260378,3710746.827882607
535459.396539699,3710748.1479334515
535460.9333481945,3710749.421377972
535462.5169370429,3710750.642870975
535464.1278082113,3710751.8068344495
535465.7789561268,3710752.914473292
535467.4717832699,3710753.959300685
535469.2050451088,3710754.950212062
535470.9740611407,3710755.871062478
535472.774505384,3710756.720641529
535474.6093883903,3710757.5038336115
535476.4703855403,3710758.2192276972
535478.351397477,3710758.865182681
535480.2514423263,3710759.4376738295
535482.1671212948,3710759.935173184
535484.1095256236,3710760.3593840725
535486.0589399172,3710760.7096948
535488.0165810392,3710760.984086966
535489.9868730517,3710761.1832949193
535491.9762202584,3710761.316941513
535493.9685926154,3710761.3918165043
535495.9615736448,3710761.3848565053
535497.9516040483,3710761.299573613
535499.9398062513,3710761.151141631
535501.9306794469,3710760.945482398
535503.9170435775,3710760.675251103
535505.89244103,3710760.3470871253
535507.8593148012,3710759.9631403363
535509.8104806237,3710759.524226231
535511.7451570794,3710759.039061534
535513.6694735693,3710758.500231177
535515.567040492,3710757.8907436947
535517.4437519223,3710757.2252631425
535519.29958448,3710756.50354442
535521.1306799202,3710755.7212202908
535522.9325197373,3710754.8903668355
535524.7088733019,3710754.0050996253
535526.4657492252,3710753.0734325303
535528.1848787549,3710752.0732644084
535529.8580470512,3710751.011761784
535531.511711283,3710749.90885792
535533.1367904693,3710748.751983345
535534.7059497101,3710747.5293791983
535536.230799667,3710746.2520441352
535537.7188672221,3710744.9294453724
535539.1660397708,3710743.565253691
535540.5643355678,3710742.1468342165
535541.9145700803,3710740.6886496954
535543.2158501539,3710739.195131937
535544.4658035053,3710737.6652762727
535545.6564233197,3710736.0845861402
535546.8102062857,3710734.4602324427
535547.916675178,3710732.806206501
535548.9771048756,3710731.130036342
535549.9923213115,3710729.4278356708
535550.941298774,3710727.6902082968
535551.8502680826,3710725.9276264333
535552.7157984142,3710724.143092228
535553.5115761011,3710722.3300752616
535554.2553095694,3710720.4968262706
535554.9547391303,3710718.643748631
535555.6009046934,3710716.7654283084
535556.2078016355,3710714.8788807006
535556.7691460924,3710712.9793160334
535557.2830509285,3710711.0656229667
535557.7524779001,3710709.1408355637
535558.1816850601,3710707.208464414
535558.5682496193,3710705.267599852
535558.9026117665,3710703.3121393775
535559.1994917319,3710701.3501477283
535559.47403988,3710699.3914242606
535559.7002700225,3710697.4210660933
535559.8782418894,3710695.4386173706
535560.0367049387,3710693.4595616483
535560.1710246739,3710691.480282904
535560.2750148413,3710689.496033988
535560.3588985053,3710687.5066256095
535560.4405879239,3710685.51103685
535560.4960417129,3710683.51402745
535560.5308638067,3710681.5166010284
535560.5617335264,3710679.518478548
535560.6030084038,3710677.5198827805
535560.6066280894,3710675.5204882897
535560.6068160114,3710673.5199922374
535560.5931691718,3710671.5207199045
535560.5555218359,3710669.5226459745
535560.528518602,3710667.5261107185
535560.4855095443,3710665.5288779153
535560.4232228798,3710663.5307452753
535560.350858111,3710661.538624382
535560.2535347422,3710659.5529379286
535560.1410020721,3710657.5695189736
535560.0098038261,3710655.588809213
535559.8570275849,3710653.611177901
535559.6803047892,3710651.636921853
535559.4778107393,3710649.666265442
535559.2482645987,3710647.699360601
535558.990929386,3710645.7362868246
535558.7056119808,3710643.7770511652
535558.392663123,3710641.821588233
535558.0529774163,3710639.8697601994
535557.7004957123,3710637.916261158
535557.3338541894,3710635.962172194
535556.9374008082,3710634.0145471115
535556.514849057,3710632.072696067
535556.0704562824,3710630.135856778
535555.6142108277,3710628.2010803786
535555.1535761846,3710626.2641783133
535554.6522020148,3710624.33507252
535554.1301461414,3710622.4124235576
535553.6030105621,3710620.4909619917
535553.0728771427,3710618.567530338
535552.502405707,3710616.655659201
535551.9389933322,3710614.742220889
535551.3531240171,3710612.835017631
535550.7533552862,3710610.933798646
535550.1566504327,3710609.033735372
535549.5258192165,3710607.146851886
535548.8813566822,3710605.2628976405
535548.1997085728,3710603.39245087
535547.5047692057,3710601.529062353
535546.8085262051,3710599.671378331
535546.0860687022,3710597.825600564
535545.3542590786,3710595.9835617216
535544.61034424,3710594.1466623684
535543.8422088377,3710592.321338582
535543.0588532478,3710590.5028160485
535542.2666269868,3710588.687005876
535541.4639455085,3710586.8750449657
535540.6431687173,3710585.0723255323
535539.7967626825,3710583.2830265365
535538.9406154784,3710581.498887186
535538.0656128218,3710579.721435135
535537.1651243628,3710577.954105632
535536.2524127661,3710576.192297405
535535.3333051852,3710574.431352358
535534.4042178203,3710572.6759804823
535533.4564536556,3710570.93217185
535532.473104165,3710569.2071667667
535531.4664678889,3710567.495730784
535530.4449527834,3710565.7947921823
535529.4029055993,3710564.106277587
535528.3351215748,3710562.4278066223
535527.2538949162,3710560.761535322
535526.1360145913,3710559.1196474126
535524.989140876,3710557.4980683415
535523.8163787455,3710555.8950362084
535522.6134372018,3710554.3099069786
535521.4071891902,3710552.7266679252
535520.1629860746,3710551.169749287
535518.9013454012,3710549.6285279426
535517.6115437428,3710548.109052713
535516.3022782208,3710546.6051218244
535514.9884385148,3710545.1084916475
535513.655412681,3710543.625886493
535512.3125385984,3710542.1499652537
535510.9751113676,3710540.6718583833
535509.6445341178,3710539.188039955
535508.3106903678,3710537.7058346146
535506.9674519943,3710536.230115491
535505.6214487111,3710534.7561743925
535504.29703972,3710533.2682812014
535502.979395259,3710531.7748930706
535501.6783028197,3710530.2661601584
535500.3925084257,3710528.743800037
535499.115480611,3710527.2142515196
535497.8479086215,3710525.6761748
535496.5776774498,3710524.141785892
535495.3158808659,3710522.5997273326
535494.0624636447,3710521.049836136
535492.8134851459,3710519.495903229
535491.5558654014,3710517.951020008
535490.2938802192,3710516.4111880786
535489.0107328777,3710514.8928126553
535487.7168007955,3710513.3847103366
535486.4213699108,3710511.877241472
535485.1159211188,3710510.379454552
535483.797513131,3710508.8936346215
535482.4628812432,3710507.422533306
535481.1080251726,3710505.970075302
535479.73606717,3710504.5334539684
535478.3440648325,3710503.114955368
535476.9414001205,3710501.706982409
535475.5310770371,3710500.3061699984
535474.1149714257,3710498.9106691526
535472.7013451314,3710497.5128481295
535471.2873262493,3710496.113672215
535469.866691951,3710494.7199989636
535468.4261741809,3710493.3428622345
535466.9720727872,3710491.9759080154
535465.5273700488,3710490.598801749
535464.0917164497,3710489.2141122916
535462.6603177569,3710487.824818161
535461.2448687225,3710486.421468702
535459.8319344958,3710485.016444725
535458.4227932215,3710483.6075418796
535457.0246449442,3710482.1871892903
535455.6195151113,3710480.7743196804
535454.2197524551,3710479.356293347
535452.8163088206,3710477.9422591506
535451.4048183624,3710476.536615548
535449.9880310665,3710475.1361805685
535448.5783633584,3710473.728339434
535447.1645454495,3710472.3243629164
535445.750425226,3710470.9204614214
535444.335496316,3710469.5174448644
535442.910754302,3710468.1244671205
535441.4825029783,3710466.734325153
535440.0568391343,3710465.340773941
535438.6374784844,3710463.939666696
535437.2097975545,3710462.5467177867
535435.7746347882,3710461.161030184
535434.3367820906,3710459.777957367
535432.8980814435,3710458.395540103
535431.4562440042,3710457.0155822
535430.0120201736,3710455.637118817
535428.5644568321,3710454.2611600533
535427.1108344459,3710452.890664137
535425.6557362851,3710451.520339443
535424.2076215697,3710450.1435785987
535422.764714614,3710448.7634417284
535421.3132408678,3710447.392740176
535419.8600000644,3710446.023896684
535418.4063259908,3710444.6554257367
535416.953300599,3710443.2861224837
535415.503689551,3710441.9128456265
535414.0600707005,3710440.532532765
535412.6125829142,3710439.1563934977
535411.1621086039,3710437.783639234
535409.7098593187,3710436.412908853
535408.2570466006,3710435.042841238
535406.8048819843,3710433.6720752837
535405.3495329554,3710432.3048714497
535403.8894397686,3710430.9429572076
535402.4301935567,3710429.58009041
535400.9728030878,3710428.215135933
535399.5182771252,3710426.8469586573
535398.0676244288,3710425.474423467
535396.627641939,3710424.089944243
535395.1913388559,3710422.7013936075
535393.7478325866,3710421.3211996863
535392.3002173278,3710419.9458361226
535390.8533626094,3710418.5697347526
535389.4087406506,3710417.191255754
535387.9724852373,3710415.803563914
535386.5388467575,3710414.4130682605
535385.1067236761,3710413.0209974633
535383.674363318,3710411.629200263
535382.2434128163,3710410.235695826
535380.8108243805,3710408.843815189
535379.3721023016,3710407.4585474883
535377.931533865,3710406.07522736
535376.4923762988,3710404.6902127294
535375.058342641,3710403.2993535134
535373.6224015352,3710401.9104744797
535372.1888720834,3710400.518750069
535370.757318554,3710399.124736882
535369.3131981088,3710397.7449481627
535367.8558187748,3710396.379339914
535366.3929371908,3710395.0196399954
535364.9291254483,3710393.661399739
535363.4707928383,3710392.297445399
535362.0123836326,3710390.93393854
535360.5537239825,3710389.571042482
535359.1002600451,3710388.2026569103
535357.635200289,3710386.8443190283
535356.1710196688,3710385.4847748457
535354.716054828,3710384.1167839174
535353.2648031223,3710382.7463319683
535351.8146743481,3710381.37615861
535350.3650898417,3710380.0063634817
535348.9127181657,3710378.6402152497
535347.464176319,3710377.271318963
535346.0249530397,3710375.8933796897
535344.5950314278,3710374.506238688
535343.1648440739,3710373.1202511243
535341.7194199621,3710371.7483808137
535340.2801042072,3710370.3708212166
535338.8515557123,3710368.983310115
535337.4254390607,3710367.5946775298
535335.9823171912,3710366.222796135
535334.5456868339,3710364.8453791705
535333.1150022978,3710363.4633373884
535331.684049512,3710362.083038992
535330.2562873475,3710360.701256616
535328.8359138475,3710359.312870082
535327.4059704996,3710357.934137099
535325.960642151,3710356.571416033
535324.5155131158,3710355.2100460813
535323.0767691694,3710353.843751422
535321.6452253923,3710352.4711517394
535320.219093513,3710351.093347785
535318.7914505649,3710349.7176430393
535317.3667338884,3710348.338669325
535315.9457750908,3710346.9550668346
535314.5220929311,3710345.573615806
535313.1155421472,3710344.1760824206
535311.7196811863,3710342.7683106936
535310.3266336583,3710341.357130779
535308.9415766345,3710339.936404853
535307.5588785439,3710338.5120313196
535306.1803538196,3710337.082149713
535304.8137028889,3710335.638547962
535303.4549123638,3710334.184482802
535302.0977209605,3710332.726543665
535300.7381757463,3710331.268736948
535299.3745106064,3710329.8128015376
535298.0289039463,3710328.338613768
535296.6836399671,3710326.862449372
535295.3265764753,3710325.394700184
535293.9500832552,3710323.939906771
535292.5718006393,3710322.4793014512
535291.1830296621,3710321.0228971085
535289.794461322,3710319.5648898757
535288.417797864,3710318.0972321425
535287.0456359867,3710316.628366147
535285.6831044463,3710315.1572173135
535284.342014537,3710313.6705190297
535283.0148649695,3710312.163020622
535281.7090774069,3710310.635749485
535280.4374612652,3710309.0849799137
535279.2114551433,3710307.5075151008
535278.0411268234,3710305.9006871358
535276.9293700056,3710304.2611688883
535275.8681271387,3710302.5842007007
535274.888184725,3710300.873785097
535273.9723124653,3710299.125190858
535273.1365795857,3710297.341451668
535272.3808285552,3710295.519354165
535271.7041716573,3710293.655430855
535271.1329175805,3710291.7645981004
535270.6602648912,3710289.843137505
535270.3068884609,3710287.905231839
535270.0540006205,3710285.9418399455
535269.9135847335,3710283.968369349
535269.8792311946,3710281.9841870423
535269.9467129371,3710279.9915796947
535270.13603399,3710278.0265812604
535270.4259164358,3710276.0796423326
535270.8138310274,3710274.159139856
535271.2983969443,3710272.2634548494
535271.8966717905,3710270.4145496055
535272.6104686557,3710268.6039680564
535273.4330379684,3710266.823182191
535274.3593981065,3710265.085899042
535275.3834389432,3710263.4058259404
535276.4975967227,3710261.780406176
535277.6906829202,3710260.220502709
535278.9580358432,3710258.733067914
535280.3154273486,3710257.3055658196
535281.7583371423,3710255.963139635
535283.2767882862,3710254.6926063085
535284.8606690706,3710253.4985723626
535286.4987328823,3710252.377642564
535288.1849941226,3710251.3333058367
535289.9290441682,3710250.3793010656
535291.7003983199,3710249.501054083
535293.5142764061,3710248.7064917563
535295.3571735213,3710247.9947234914
535297.2327671169,3710247.3643126423
535299.1471717865,3710246.8308321093
535301.078663173,3710246.3794302186
535303.0342917051,3710246.015278145
535304.9883614468,3710245.732492352
535306.9601336807,3710245.53142317
535308.9366194585,3710245.4038688797
535310.9215750471,3710245.357264952
535312.9195760376,3710245.401362493
535314.9039670544,3710245.5060000084
535316.8884372602,3710245.6768783676
535318.8713586848,3710245.9111791532
535320.850914855,3710246.2227918175
535322.8175961712,3710246.577207713
535324.7661267145,3710246.9883952024
535326.7065367622,3710247.4573037885
535328.6375501789,3710247.976221768
535330.5554900509,3710248.5363670993
535332.4614644333,3710249.143059426
535334.3540563107,3710249.7906718585
535336.2322799142,3710250.4740353795
535338.1027191266,3710251.1974702403
535339.9590596348,3710251.9414844923
535341.8022875205,3710252.716763339
535343.6331922817,3710253.5181597765
535345.4469013188,3710254.3551454525
535347.2500708092,3710255.2178849103
535349.0395052821,3710256.100882569
535350.816300637,3710257.0108135818
535352.5766407051,3710257.950033273
535354.3223223728,3710258.9143450707
535356.0576255348,3710259.9039268773
535357.7781726875,3710260.9178066826
535359.4784043394,3710261.962417224
535361.1661248497,3710263.0299161263
535362.8250070899,3710264.1321623293
535364.4707220357,3710265.2564107478
535366.0915874242,3710266.4148308057
535367.6903552846,3710267.6018021954
535369.2696654613,3710268.812961613
535370.8287413125,3710270.048459485
535372.3684040296,3710271.3091049343
535373.8915974818,3710272.5914461245
535375.4212180404,3710273.864512462
535376.9403058805,3710275.1518737245
535378.456470622,3710276.4372593374
535379.9724079447,3710277.719667917
535381.4905523468,3710278.997476106
535383.0093594494,3710280.272649306
535384.540440295,3710281.5331503022
535386.0847093295,3710282.7777629406
535387.6335743216,3710284.014881173
535389.1811515462,3710285.2531189793
535390.7437200162,3710286.476417335
535392.2978693898,3710287.7061941414
535393.8510285122,3710288.9354897477
535395.4112562771,3710290.1548621994
535396.9665595598,3710291.3792018583
535398.514762675,3710292.610603982
535400.0571863751,3710293.849568731
535401.5908174072,3710295.098825485
535403.1140807703,3710296.3610839834
535404.6222566306,3710297.6425264254
535406.1202018341,3710298.9398821867
535407.589208081,3710300.2701874827
535409.0298560435,3710301.634047504
535410.4643059198,3710303.0056707594
535411.8638140479,3710304.414686142
535413.2452425282,3710305.8428804833
535414.6065961539,3710307.292921146
535415.9514180805,3710308.7614981714
535417.2977134517,3710310.2302872087
535418.6460394254,3710311.697347323
535419.9893402988,3710313.166822395
535421.3094476607,3710314.658925841
535422.630720553,3710316.149124827
535423.9447127683,3710317.643403056
535425.255160585,3710319.140391855
535426.5684443665,3710320.6354473135
535427.8770164582,3710322.133285247
535429.1808764904,3710323.6359378984
535430.476851442,3710325.1466995855
535431.7645352228,3710326.664239227
535433.0627595452,3710328.1733036987
535434.3467962433,3710329.694876491
535435.6253805999,3710331.2184497733
535436.9061515541,3710332.7391057783
535438.1797044397,3710334.265325327
535439.445442813,3710335.7974628652
535440.7154617918,3710337.3260573642
535441.9781821618,3710338.860947729
535443.2370368352,3710340.399049582
535444.5055435462,3710341.931309613
535445.7635227815,3710343.473552809
535446.9964368098,3710345.036736282
535448.2448284805,3710346.5865438315
535449.4879267794,3710348.139161829
535450.7152393198,3710349.703293074
535451.9511747549,3710351.2608756097
535453.1799100038,3710352.8245147797
535454.3976026808,3710354.396462318
535455.6263462132,3710355.9597835746
535456.8437291215,3710357.5315323956
535458.0414904512,3710359.1177607654
535459.2418086455,3710360.702202818
535460.441856581,3710362.286334377
535461.6212798317,3710363.885860969
535462.8052017819,3710365.481945439
535463.9920751143,3710367.076059959
535465.1716478721,3710368.676335702
535466.3443114953,3710370.2807181855
535467.5046344604,3710371.893919624
535468.6591333112,3710373.511374325
535469.8123203956,3710375.129117519
535470.9522790676,3710376.756394497
535472.09184285,3710378.3840696043
535473.2323827159,3710380.0100438646
535474.3643222776,3710381.642497368
535475.5026305766,3710383.271254957
535476.6398377647,3710384.9013200044
535477.7672435323,3710386.5392728867
535478.9037511294,3710388.172047185
535480.0504991044,3710389.798807375
535481.1877303005,3710391.4331348254
535482.3150519413,3710393.074383973
535483.4485590835,3710394.7105099065
535484.5714111251,3710396.3541930066
535485.6867971312,3710398.003721025
535486.8113997327,3710399.6477120756
535487.9351062526,3710401.2930966243
535489.0651696034,3710402.9340524473
535490.2035027692,3710404.568206356
535491.3270396271,3710406.2125322423
535492.4576435952,3710407.852061414
535493.5936321788,3710409.487916626
535494.716661097,3710411.1326076095
535495.8449265762,3710412.7736719046
535496.9809149244,3710414.4093832634
535498.1062819436,3710416.052251328
535499.2285890221,3710417.6970816446
535500.3441302672,3710419.346226571
535501.4599295491,3710420.99467206
535502.5710477167,3710422.6464355895
535503.6795420647,3710424.3005689112
535504.8019201534,3710425.945358139
535505.9209302561,3710427.5925477394
535507.0313150386,3710429.245703699
535508.154937524,3710430.889857636
535509.279456068,3710432.5334168584
535510.3937599338,3710434.1838577124
535511.5156368517,3710435.828688389
535512.6543378226,3710437.462114018
535513.7878902964,3710439.099148615
535514.9072090675,3710440.745960547
535516.0255988667,3710442.3934168345
535517.1515661494,3710444.035663538
535518.2737911617,3710445.680705461
535519.3983259393,3710447.3242871077
535520.5377207162,3710448.9576598816
535521.6859963425,3710450.5852003093
535522.8206741405,3710452.222229882
535523.9456997693,3710453.866011658
535525.0795846748,3710455.5038543446
535526.2145140587,3710457.1410580114
535527.3375161393,3710458.7863501725
535528.463155046,3710460.4294383167
535529.6040883905,3710462.0621929755
535530.7381660483,3710463.699726055
535531.8635597086,3710465.34323298
535533.002317781,3710466.9775918457
535534.1358100732,3710468.6159678614
535535.2509554733,3710470.2680490557
535536.3721236198,3710471.9159743804
535537.5055882325,3710473.5546886954
535538.6402097287,3710475.191704842
535539.760355298,3710476.838196548
535540.8890640583,3710478.4784111036
535542.029063176,3710480.1104539856
535543.1613880468,3710481.7468786277
535544.3026743017,3710483.376797605
535545.448322543,3710485.003996667
535546.5801483174,3710486.642085814
535547.7098966839,3710488.2811654103
535548.8427290368,3710489.9172590957
535549.9822666075,3710491.547718231
535551.116113259,3710493.1812026245
535552.2504985703,3710494.81398876
535553.3879199188,3710496.4449516786
535554.5126980183,3710498.085862016
535555.6344300162,3710499.728296574
535556.7526173817,3710501.3725483753
535557.881801659,3710503.0089116856
535559.011676846,3710504.6441426706
535560.1311447083,3710506.2860357645
535561.2563294361,3710507.924029651
535562.3871448861,3710509.558769518
535563.5012754529,3710511.2070388007
535564.6036566898,3710512.863574456
535565.7059876516,3710514.519789177
535566.8166221682,3710516.17021132
535567.9228930916,3710517.8237243164
535569.0298036105,3710519.4764518137
535570.1526751975,3710521.1168741053
535571.2736085076,3710522.758436705
535572.391472735,3710524.4024479585
535573.5106032846,3710526.046387489
535574.6391477488,3710527.6844572374
535575.7706233913,3710529.321207247
535576.8967737682,3710530.9624209558
535578.0226097885,3710532.6053448776
535579.1416288122,3710534.2542221514
535580.2581563735,3710535.90552791
535581.3887732093,3710537.546680279
535582.5172742305,3710539.189735347
535583.6410454821,3710540.8369308477
535584.7633346131,3710542.4864876186
535585.8838264432,3710544.138791573
535586.9957069333,3710545.798177877
535588.1047932191,3710547.4599481397
535589.2268847433,3710549.1120180525
535590.3463983457,3710550.766838839
535591.4613248565,3710552.425465328
535592.571674214,3710554.087518237
535593.6818462249,3710555.750447247
535594.7913902928,3710557.414649547
535595.895136096,3710559.0833904184
535596.9918083543,3710560.7570337197
535598.1011271427,3710562.4204605035
535599.2163638076,3710564.0791581855
535600.32596003,3710565.7420556317
535601.4383381082,3710567.4028817187
535602.5542423413,3710569.0610822495
535603.6670099538,3710570.722684264
535604.7661867385,3710572.397181404
535605.8760833062,3710574.0622809376
535606.9912665625,3710575.722042754
535608.1104368638,3710577.377540171
535609.2384855539,3710579.0252368017
535610.3747089031,3710580.6664735437
535611.5048117138,3710582.314191017
535612.6439654146,3710583.9533530446
535613.7948249896,3710585.5816127216
535614.9501204743,3710587.2066753316
535616.1088142372,3710588.8298569326
535617.2748536646,3710590.4473536075
535618.4626193726,3710592.04469746
535619.6622312162,3710593.632060659
535620.8709758864,3710595.21353147
535622.0934018297,3710596.7847863147
535623.3440557325,3710598.328334759
535624.61080217,3710599.856534573
535625.8970154937,3710601.369892873
535627.202394642,3710602.868101611
535628.5268938884,3710604.34952488
535629.8724797233,3710605.811213058
535631.2405056655,3710607.2508574757
535632.6369174861,3710608.6593269054
535634.0542567007,3710610.0496339817
535635.4846296443,3710611.434470198
535636.9381571099,3710612.7889962425
535638.422756023,3710614.1070689275
535639.930362478,3710615.3948066663
535641.4550524671,3710616.660345231
535642.9968948507,3710617.9104228537
535644.5808525528,3710619.109543392
535646.1835657117,3710620.2799845343
535647.8051304809,3710621.4249053057
535649.446192616,3710622.544236976
535651.0990260362,3710623.646347403
535652.7639435321,3710624.72400594
535654.4561328442,3710625.7643799298
535656.1632123606,3710626.779620353
535657.8827207327,3710627.7672894
535659.6209114902,3710628.7213553335
535661.377073571,3710629.6546489433
535663.1538479654,3710630.5567936664
535664.9376600309,3710631.4359932984
535666.733102017,3710632.293838259
535668.5470889778,3710633.1160150613
535670.3765092815,3710633.9090215922
535672.2038792928,3710634.6935945833
535674.0385306153,3710635.456489164
535675.8853659552,3710636.189054796
535677.7434923602,3710636.897634711
535679.6127322032,3710637.581871168
535681.4966342181,3710638.228789187
535683.3900628109,3710638.85418347
535685.2832426442,3710639.4765665173
535687.1810652936,3710640.0842282865
535689.0944412404,3710640.6515326165
535691.016830988,3710641.189373608
535692.940821953,3710641.7200744404
535694.8645490445,3710642.2473605312
535696.7927723016,3710642.7560733818
535698.7284137727,3710643.2435271726
535700.6616853778,3710643.733159874
535702.5929686693,3710644.224925957
535704.5253434886,3710644.7113481844
535706.4585111979,3710645.194253743
535708.393920945,3710645.670488517
535710.3283328869,3710646.1559517137
535712.2631665017,3710646.6437944034
535714.1992720766,3710647.1292387377
535716.1330857403,3710647.627995373
535718.0642180808,3710648.1379837883
535719.9990890903,3710648.645102378
535721.9360940283,3710649.14572625
535723.8740852274,3710649.643163827
535725.8164745829,3710650.1290857275
535727.7606917344,3710650.5991943553
535729.713544816,3710651.0537061356
535731.6715723079,3710651.4714516466
535733.6359524431,3710651.857270481
535735.6028402129,3710652.20506272
535737.5812674175,3710652.511225616
535739.5656326492,3710652.7611936363
535741.5441977307,3710652.95708405
535743.5232951231,3710653.088867146
535745.5037032795,3710653.143646453
535747.4868603738,3710653.1155437785
535749.474697366,3710653.0075743455
535751.4457131153,3710652.8194974773
535753.396298872,3710652.5288540027
535755.3356682272,3710652.1390413595
535757.2386563383,3710651.6542573627
535759.1153456095,3710651.0726520927
535760.9628729458,3710650.3912602076
535762.7721247596,3710649.60874372
535764.5344369306,3710648.731096787
535766.2518981437,3710647.761777926
535767.914097703,3710646.703081492
535769.5128184218,3710645.5490574525
535771.0437323849,3710644.30711408
535772.4901142261,3710642.985023427
535773.8745503647,3710641.582889187
535775.2044780051,3710640.106238851
535776.4410622948,3710638.557147689
535777.5807861373,3710636.9456894356
535778.6520085394,3710635.2731000585
535779.6379737774,3710633.543807891
535780.5077042927,3710631.7761463933
535781.2862893189,3710629.957719349
535781.9697061346,3710628.108720529
535782.5576122346,3710626.2288250644
535783.0454689295,3710624.330905405
535783.4408837191,3710622.4003949817
535783.7377904245,3710620.451011813
535783.9317762597,3710618.5029665744
535784.0354785217,3710616.548866358
535784.0500327789,3710614.5926312176
535783.9649552153,3710612.6397538832
535783.7868933878,3710610.6787262093
535783.5075986752,3710608.7326586423
535783.1659679802,3710606.793469418
535782.7287176367,3710604.870490695
535782.2329069223,3710602.967265188
535781.6773088736,3710601.076293692
535781.0575905886,3710599.200474289
535780.3806277799,3710597.3414040674
535779.656613963,3710595.4975467003
535778.8791431761,3710593.669494554
535778.052809492,3710591.859676888
535777.1784298569,3710590.0740042445
535776.2677858748,3710588.306434947
535775.3430570303,3710586.558324051
535774.3841025435,3710584.8273497834
535773.3722077806,3710583.1168332547
535772.3392135529,3710581.4217858515
535771.2985639692,3710579.7367607006
535770.2251454132,3710578.0611597123
535769.1104451342,3710576.407525547
535767.9982156598,3710574.762435267
535766.8551318706,3710573.138350997
535765.6871324708,3710571.532285771
535764.4988945392,3710569.938022803
535763.3013792363,3710568.3500578776
535762.0692798805,3710566.784787473
535760.8075150566,3710565.2397430087
535759.5377000703,3710563.701319658
535758.2425938037,3710562.181485046
535756.9251907234,3710560.6777530243
535755.6104477661,3710559.172053153
535754.270973122,3710557.6864780635
535752.9345009655,3710556.2051526397
535751.5813031588,3710554.7369767195
535750.2385048222,3710553.2651323737
535748.8948801021,3710551.7951850933
535747.5401664776,3710550.335406981
535746.183189927,3710548.8784041433
535744.8276800915,3710547.4204637357
535743.4736932275,3710545.9597453196
535742.113846207,3710544.504240537
535740.7437375244,3710543.05779104
535739.3668659711,3710541.6178231165
535737.9998722346,3710540.1684230315
535736.6355524829,3710538.7170253047
535735.2733345751,3710537.2641340774
535733.9184638765,3710535.803797918
535732.5646772515,3710534.3429182973
535731.2069426331,3710532.886564684
535729.8342913765,3710531.4457345153
535728.4692271877,3710529.994673951
535727.0994229115,3710528.5463036792
535725.7189802917,3710527.110287153
535724.3306457656,3710525.683629774
535722.9295142078,3710524.2705091964
535721.5162588807,3710522.8692463613
535720.0916806476,3710521.479844963
535718.6584278159,3710520.099612599
535717.2120550331,3710518.7324622846
535715.7721007648,3710517.357336885
535714.336320866,3710515.978039832
535712.8777348422,3710514.6241475786
535711.4109669781,3710513.280537204
535709.9403572826,3710511.94245575
535708.467743888,3710510.606738161
535706.9861108325,3710509.28066156
535705.4995474077,3710507.958698375
535704.0224168696,3710506.6246461775
535702.5416017323,3710505.294487114
535701.0504253064,3710503.9758489802
535699.5437716729,3710502.6740712197
535698.032359601,3710501.3768467465
535696.5258783139,3710500.074641058
535695.0367912109,3710498.7566746497
535693.5442820352,3710497.4426467177
535692.0513980786,3710496.129072745
535690.5588300392,3710494.8149260585
535689.0550593155,3710493.5127863656
535687.5483452147,3710492.2131923237
535686.0458005582,3710490.9079602156
535684.5422502523,3710489.6026004297
535683.0320293984,3710488.3045550543
535681.5189567736,3710487.0091871144
535680.0010870155,3710485.719221567
535678.4804762169,3710484.4325942313
535676.9619329296,3710483.1436893055
535675.4391710524,3710481.8592552305
535673.9140943013,3710480.576913567
535672.3883446024,3710479.2945775627
535670.8703417032,3710478.0026069605
535669.3423748923,3710476.7228045664
535667.803514611,3710475.4565714505
535666.2707735243,3710474.183136259
535664.7395763814,3710472.907422633
535663.2106220379,3710471.6284764884
535661.6798014492,3710470.350701801
535660.1601305612,3710469.0594178443
535658.6454825532,3710467.7621890428
535657.1222232963,3710466.4761678735
535655.6057314824,3710465.182991723
535654.0963906609,3710463.8814918376
535652.595425053,3710462.570210367
535651.1046212342,3710461.2470626635
535649.6146887193,3710459.9224289753
535648.1248562593,3710458.5973658366
535646.6394613917,3710457.266851311
535645.1514094803,3710455.938588458
535643.6633429036,3710454.6095507545
535642.1839411409,3710453.2699837172
535640.7064171805,3710451.9273694386
535639.226905134,3710450.5859344862
535637.7542154948,3710449.235778376
535636.2879080764,3710447.8786326097
535634.8123249571,3710446.5337086148
535633.3367787919,3710445.1890938473
535631.862720396,3710443.8428210644
535630.3857318005,3710442.4998138202
535628.9022548776,3710441.1631247955
535627.4083917096,3710439.8346156715
535625.9296979764,3710438.490729527
535624.4511313535,3710437.1475701723
535622.9737716356,3710435.803630106
535621.4934021299,3710434.4613831495
535620.0168015343,3710433.116841488
535618.5526939882,3710431.7609357564
535617.0927548484,3710430.399878275
535615.6482271302,3710429.024544499
535614.2126765897,3710427.641761145
535612.7847567918,3710426.251311546
535611.3653901062,3710424.8501985613
535609.951989464,3710423.443041221
535608.5543941291,3710422.0210148995
535607.1940416928,3710420.5676291212
535605.8507917657,3710419.100493709
535604.5227227047,3710417.619280421
535603.2120028749,3710416.1228062036
535601.9154277965,3710414.615713148
535600.6383570954,3710413.090902843
535599.3708694315,3710411.5544288405
535598.126888908,3710410.0028539305
535596.9125596809,3710408.4294914254
535595.728133972,3710406.8340582913
535594.5725559678,3710405.217566616
535593.4374136962,3710403.5890639652
535592.3213858578,3710401.9468404097
535591.2180792225,3710400.293172965
535590.1409415578,3710398.622846578
535589.0740835769,3710396.9432398034
535588.0249137612,3710395.2506481437
535587.0181968214,3710393.5303171505
535586.0122000152,3710391.8111602655
535585.0163019204,3710390.0870000306
535584.0452264522,3710388.3495159615
535583.1121589404,3710386.590593389
535582.1904341807,3710384.8260326795
535581.2900643691,3710383.0533731068
535580.4122229343,3710381.2681586468
535579.5450448263,3710379.478265151
535578.6956520154,3710377.6808600663
535577.8520033607,3710375.879705875
535577.0364801531,3710374.0630390556
535576.23711917,3710372.2361458777
535575.4456884037,3710370.403337887
535574.6587610006,3710368.5732137277
535573.878205057,3710366.742778418
535573.0929188965,3710364.915340137
535572.3062395464,3710363.0892086457
535571.5243754885,3710361.2612787946
535570.7456241952,3710359.4324843576
535569.9787122584,3710357.5991710783
535569.2058772547,3710355.7692535683
535568.4220687108,3710353.945059348
535567.6223762147,3710352.128830825
535566.8020294083,3710350.3227252937
535565.9563979949,3710348.5288149375
535565.0909789134,3710346.7433377104
535564.2107472771,3710344.9649802
535563.2992244179,3710343.2010127576
535562.3787749966,3710341.4390007164
535561.4398612317,3710339.6867130077
535560.460501925,3710337.956191657
535559.466143123,3710336.2342155725
535558.4682895668,3710334.5111109335
535557.4357630749,3710332.8115237206
535556.3770157793,3710331.1243311903
535555.3059023044,3710329.4455403113
535554.2003303034,3710327.7893845006
535553.0713886397,3710326.149069001
535551.9177254032,3710324.527714917
535550.737307655,3710322.921738066
535549.549320865,3710321.3216002113
535548.3357924889,3710319.7377522006
535547.0947344534,3710318.1791048166
535545.8495526251,3710316.628677708
535544.580877876,3710315.095435743
535543.2862972261,3710313.581606341
535541.9819409377,3710312.0801932337
535540.6657488403,3710310.592860473
535539.3283905587,3710309.124615846
535537.9702848827,3710307.6750893686
535536.5975157098,3710306.236025534
535535.2034689542,3710304.817615087
535533.7882356776,3710303.4206718905
535532.3545393819,3710302.042472987
535530.910106601,3710300.6733592697
535529.4500731335,3710299.3219641256
535527.9740159198,3710297.9865138405
535526.4876405066,3710296.6608623615
535524.9919997052,3710295.3451107373
535523.4798858991,3710294.0413892716
535521.9483631182,3710292.758251147
535520.4015877974,3710291.4969559726
535518.8434708003,3710290.251108006
535517.260455554,3710289.0337086297
535515.6780540841,3710287.8190439856
535514.0820122391,3710286.6205771244
535512.466933503,3710285.4482674566
535510.8407108298,3710284.293814286
535509.203653398,3710283.1536679585
535507.5638035568,3710282.019596784
535505.9100083257,3710280.907742142
535504.2457780862,3710279.8055437193
535502.5674084744,3710278.7212790875
535500.884455698,3710277.652807087
535499.1928388064,3710276.599932014
535497.4916566641,3710275.5628612037
535495.780782991,3710274.542221246
535494.0595737094,3710273.5400400246
535492.3320190797,3710272.546626259
535490.595180144,3710271.5696904375
535488.8452069601,3710270.6191168404
535487.0805858651,3710269.6944180434
535485.3085908096,3710268.7841781634
535483.5317305435,3710267.8848381815
535481.750102233,3710266.9968040637
535479.9593720795,3710266.1247402076
535478.1659455355,3710265.260191342
535476.3683816054,3710264.405061582
535474.5642342143,3710263.5622333656
535472.7509829184,3710262.736151568
535470.9263522504,3710261.9296066933
535469.1018565854,3710261.1210696567
535467.2759527987,3710260.318920178
535465.4483428892,3710259.521045147
535463.6225711553,3710258.7199131795
535461.7988512076,3710257.9124584384
535459.9729275634,3710257.1089470983
535458.1479103301,3710256.3045584257
535456.3244782179,3710255.497907674
535454.5065882086,3710254.671948822
535452.6896889884,3710253.841262506
535450.8768326581,3710253.004411058
535449.0592522036,3710252.1815796485
535447.2384322684,3710251.368002933
535445.4174117509,3710250.558678807
535443.5891128602,3710249.7707050527
535441.756828084,3710248.9944864046
535439.9182441233,3710248.23559207
535438.0722448275,3710247.4967493014
535436.2164332129,3710246.784241092
535434.3528023771,3710246.093656718
535432.4865923868,3710245.412367448
535430.6117781287,3710244.750757925
535428.7340996709,3710244.0972866234
535426.8542996357,3710243.449540898
535424.9738864597,3710242.803244278
535423.0931118254,3710242.1570633403
535421.2149957365,3710241.5023041177
535419.3401818336,3710240.8366940827
535417.4681580121,3710240.1610999214
535415.6025393929,3710239.468453556
535413.7415971142,3710238.763440041
535411.878934129,3710238.060721302
535410.0257139764,3710237.33091837
535408.178703822,3710236.582684454
535406.333845304,3710235.829248335
535404.4891242137,3710235.0714930072
535402.6428150489,3710234.316413162
535400.7934233318,3710233.5707456814
535398.9422194771,3710232.8302961667
535397.0854953484,3710232.110360048
535395.2230618544,3710231.409463444
535393.3527130584,3710230.730942029
535391.4714041313,3710230.079972892
535389.5799638861,3710229.4575131736
535387.6837404806,3710228.8514622366
535385.7868479779,3710228.249137338
535383.8814436399,3710227.666609553
535381.964690536,3710227.106041234
535380.0537890134,3710226.5356596247
535378.1456517308,3710225.96066142
535376.2402258458,3710225.379382269
535374.3414003982,3710224.782856921
535372.4565775252,3710224.1555655096
535370.5865156808,3710223.493644399
535368.737483169,3710222.7822361663
535366.9052734061,3710222.031430728
535365.0893258,3710221.2410843326
535363.2891756147,3710220.4115250413
535361.5018278493,3710219.5497244103
535359.7249540938,3710218.660758229
535357.9562259384,3710217.7497022822
535356.1933149783,3710216.821632345
535354.434927354,3710215.8770577484
535352.6770331542,3710214.928564251
535350.9137201252,3710213.9970465363
535349.1441596046,3710213.0809607767
535347.3628416166,3710212.1994256526
535345.5693141997,3710211.351655217
535343.7633796183,3710210.5345737715
535341.944034582,3710209.750172793
535340.1091307537,3710209.0036226427
535338.2566901963,3710208.2987042316
535336.3895091509,3710207.626905191
535334.51252651,3710206.977536287
535332.6228190719,3710206.3548898003
535330.7186303735,3710205.761034659
535328.8020243524,3710205.1907598767
535326.8807416734,3710204.629632597
535324.9669548376,3710204.0560270776
535323.0523264715,3710203.4817759558
535321.141789673,3710202.8963002404
535319.242655134,3710202.284490318
535317.3612003553,3710201.6332053067
535315.4961530165,3710200.9436909957
535313.6480405275,3710200.215149776
535311.81347381,3710199.4558334043
535309.9958412767,3710198.655848953
535308.1957599674,3710197.812683836
535306.4111645774,3710196.9309688085
535304.6359616166,3710196.026062443
535302.8699138588,3710195.097727171
535301.1135501787,3710194.1436851793
535299.3641231149,3710193.1703840434
535297.6174556904,3710192.1905811555
535295.8682556906,3710191.221956513
535294.1161493441,3710190.2604803406
535292.3566592452,3710189.317227661
535290.5855047314,3710188.402888163
535288.804559037,3710187.511762666
535287.012525377,3710186.6465944326
535285.2080720842,3710185.8102196483
535283.3925535826,3710184.997729868
535281.5647078757,3710184.212093061
535279.7215927565,3710183.4604943506
535277.8594711858,3710182.749325744
535275.9843052542,3710182.0664968393
535274.1039371369,3710181.3963345177
535272.2200902232,3710180.7348255087
535270.3345979723,3710180.0777467936
535268.4494039294,3710179.4206655794
535266.5678201371,3710178.7558439383
535264.6926828212,3710178.0767753124
535262.8220501597,3710177.38773781
535260.9523900956,3710176.6953154844
535259.0890751076,3710175.9884803314
535257.2326280822,3710175.265445568
535255.3817493112,3710174.527897485
535253.537330017,3710173.7733474127
535251.6977835265,3710173.0057117473
535249.859922627,3710172.2331806873
535248.0285885968,3710171.443110675
535246.2034622864,3710170.636540399
535244.3773039519,3710169.8295035576
535242.5503603888,3710169.022041653
535240.7231774142,3710168.213696796
535238.9003255707,3710167.395597762
535237.083056147,3710166.565869095
535235.2663016131,3710165.734583335
535233.4511478575,3710164.898275036
535231.6343132592,3710164.066441878
535229.8153776828,3710163.2384602274
535227.9956446273,3710162.4091597223
535226.1787131099,3710161.577056515
535224.367784951,3710160.736666186
535222.5584689248,3710159.8928057053
535220.7546875381,3710159.03763358
535218.9641628683,3710158.1587856077
535217.1825767844,3710157.2638327526
535215.4071249656,3710156.35661275
535213.639454169,3710155.4344095695
535211.8809848237,3710154.4948893287
535210.1311721702,3710153.54037741
535208.3889222157,3710152.574375592
535206.6451470038,3710151.604786474
535204.9047509164,3710150.6250457284
535203.171647277,3710149.630957058
535201.4492469069,3710148.619005368
535199.7404581214,3710147.5863567796
535198.0476867206,3710146.530858646
535196.3733493285,3710145.449940449
535194.7196644244,3710144.3410612172
535193.0873299678,3710143.204540855
535191.4763318032,3710142.0418292726
535189.8922773511,3710140.8432812463
535188.336769204,3710139.606606812
535186.8106541715,3710138.3306798614
535185.3085448114,3710137.02710302
535183.8251626003,3710135.7068984406
535182.3642487455,3710134.3618111615
535180.9265754797,3710132.9894637703
535179.5107099259,3710131.591753654
535178.1176566317,3710130.166853409
535176.7497220135,3710128.710894698
535175.3986013157,3710127.2368536894
535174.0572694687,3710125.7554507735
535172.7290935665,3710124.2601871397
535171.4146838975,3710122.7489364366
535170.1058029314,3710121.2329773046
535168.7996451348,3710119.7154230727
535167.4967018679,3710118.194387799
535166.1938032302,3710116.6733041904
535164.88750313,3710115.155904046
535163.5740792748,3710113.6462182654
535162.2489272371,3710112.1490585194
535160.9169695947,3710110.657382226
535159.5808632177,3710109.1690039136
535158.242843315,3710107.682146734
535156.9014852121,3710106.1973674544
535155.5555611274,3710104.715126248
535154.2173238039,3710103.2274165046
535152.8903960265,3710101.731115182
535151.5861967135,3710100.216107892
535150.2987325682,3710098.6879359516
535149.0189843001,3710097.155041879
535147.7464960356,3710095.617639365
535146.4807646557,3710094.0759826265
535145.2212398158,3710092.530366382
535143.967323915,3710090.981125882
535142.7183721233,3710089.428636885
535141.4821260474,3710087.8644600837
535140.2595321403,3710086.2872821745
535139.0386552013,3710084.7099747625
535137.8187749307,3710083.1325284718
535136.6014917119,3710081.5522832256
535135.3774628192,3710079.9791844976
535134.1421931217,3710078.4174540783
535132.904697055,3710076.854615668
535131.6591262469,3710075.297207889
535130.400024777,3710073.7512978786
535129.1223291788,3710072.2224812773
535127.8213684271,3710070.715882254
535126.4928639558,3710069.2361534764
535125.1351778428,3710067.783191775
535123.7462339428,3710066.358005492
535122.3179818464,3710064.974194458
535120.8588034846,3710063.6222633505
535119.3742118112,3710062.290961003
535117.8594066668,3710060.9941946687
535116.3197089176,3710059.7296983646
535114.7660831363,3710058.4865135397
535113.1935106678,3710057.263270523
535111.599649923,3710056.067642669
535109.9689295358,3710054.9220923553
535108.3023891675,3710053.8254482625
535106.6076015353,3710052.77128311
535104.8857302668,3710051.7623803266
535103.138645045,3710050.80027439
535101.3691427332,3710049.882411173
535099.5811483554,3710048.9995676107
535097.7783182597,3710048.1537876325
535095.9533418496,3710047.3583538686
535094.1005300053,3710046.633998193
535092.2303077041,3710045.9616189967
535090.3439487306,3710045.3370602867
535088.4380377621,3710044.766726544
535086.5207256569,3710044.2429777374
535084.5984107775,3710043.7596787503
535082.6610979888,3710043.33058683
535080.7096188056,3710042.9471882526
535078.7455585019,3710042.6065125028
535076.7717987952,3710042.3188237557
535074.7898818926,3710042.0702615483
535072.8025332042,3710041.858595137
535070.8101898131,3710041.6939698257
535068.8111227652,3710041.5647665546
535066.8128042319,3710041.456369762
535064.8157536336,3710041.3699078425
535062.8149640915,3710041.3181515206
535060.8155467534,3710041.2885936517
535058.8192019264,3710041.277109334
535056.8242730922,3710041.287812045
535054.8291339453,3710041.3289371324
535052.8341205403,3710041.3990322384
535050.8408626805,3710041.489860675
535048.8491311731,3710041.6020155554
535046.8585627376,3710041.73618327
535044.8694356905,3710041.88921468
535042.8772250559,3710042.0392877473
535040.8876827393,3710042.207705618
535038.9009010136,3710042.4068644363
535036.9166412932,3710042.6357060187
535034.9322639955,3710042.8809711016
535032.9504848401,3710043.1322929817
535030.9712408448,3710043.396095265
535028.9932237059,3710043.6720865243
535027.0168777085,3710043.9607140142
535025.0434012519,3710044.2652700776
535023.0730788821,3710044.585065205
535021.104580971,3710044.9125616984
535019.140995643,3710045.2661322863
535017.1801297045,3710045.6398212356
535015.2194025426,3710046.0125836674
535013.2618805058,3710046.400495504
535011.3097435093,3710046.812665406
535009.3608732824,3710047.230972304
535007.4141156245,3710047.6572792768
535005.4674763592,3710048.0872035064
535003.5234572701,3710048.5282709342
535001.5826796165,3710048.9824301447
534999.6449944482,3710049.4492854206
534997.7082418829,3710049.9224839606
534995.7740411059,3710050.4065754567
534993.8422907282,3710050.9011384766
534991.9098406035,3710051.397138883
534989.9783389792,3710051.8982083765
534988.0479008437,3710052.4041500664
534986.118124676,3710052.9133686107
534984.192893206,3710053.43551803
534982.2762302676,3710053.9874170865
534980.361973391,3710054.547342116
534978.4455005747,3710055.103986868
534976.5309283033,3710055.664124407
534974.6233042532,3710056.2449611146
534972.722010502,3710056.8436901406
534970.8208551366,3710057.449692569
534968.9212382243,3710058.068711868
534967.0345834715,3710058.7204120457
534965.1525040251,3710059.3887204123
534963.2761623521,3710060.0742543046
534961.4161462351,3710060.797660032
534959.5605269623,3710061.530433338
534957.71286682,3710062.28096326
534955.8810414425,3710063.066846055
534954.0588444899,3710063.876900701
534952.2438646252,3710064.6985786865
534950.4385803976,3710065.5352329332
534948.6442677251,3710066.392971301
534946.862596695,3710067.2785082464
534945.0888818315,3710068.1832946762
534943.3296415946,3710069.1129204417
534941.5842942538,3710070.0655754977
534939.8522187591,3710071.043919836
534938.1288230402,3710072.040528581
534936.4176583026,3710073.0573084867
534934.7288454499,3710074.1093930234
534933.0581638651,3710075.1913625454
534931.4067084265,3710076.3041420206
534929.7819888111,3710077.455382942
534928.168026008,3710078.6227915687
534926.5610506356,3710079.8040857892
534924.9678219721,3710081.006857731
534923.4065080774,3710082.2492808783
534921.8787084386,3710083.528222434
534920.3644515179,3710084.826887109
534918.869154589,3710086.1461667214
534917.4061528323,3710087.5001832163
534915.9768683679,3710088.893037974
534914.5751265533,3710090.3090383755
534913.213765483,3710091.762438556
534911.8900309615,3710093.2515648766
534910.591227706,3710094.7578197476
534909.3142891418,3710096.2895127963
534908.0763583299,3710097.8524322887
534906.878147772,3710099.4396259156
534905.7098151644,3710101.050772017
534904.5730038321,3710102.686454933
534903.4679839143,3710104.343792198
534902.397344325,3710106.0224341354
534901.3665273183,3710107.724061033
534900.381212171,3710109.4534218926
534899.4335344346,3710111.2020770516
534898.5230728298,3710112.9682291844
534897.6466315583,3710114.753323522
534896.7977663303,3710116.5597842117
534895.999262438,3710118.3887996282
534895.2358282406,3710120.232013676
534894.5002236894,3710122.089437731
534893.8142291091,3710123.9623101954
534893.1556558404,3710125.8399270186
534892.524523478,3710127.727320625
534891.9324884702,3710129.630447623
534891.382767045,3710131.5493110935
534890.8656788975,3710133.4753846894
534890.3739999837,3710135.4022429683
534889.9260133057,3710137.340553059
534889.519915963,3710139.288624608
534889.1508525914,3710141.2434269423
534888.8216775407,3710143.2062113164
534888.5287297113,3710145.1750795823
534888.2528951532,3710147.147562832
534887.9906125014,3710149.124319673
534887.7662722828,3710151.102276321
534887.5928128882,3710153.0865034396
534887.4421178674,3710155.0732855876
534887.2989271824,3710157.0591753246
534887.176813992,3710159.048627752
534887.0995771604,3710161.0386534384
534887.0574924855,3710163.0302357594
534887.039266687,3710165.024107808
534887.0440638029,3710167.0184075627
534887.0720177833,3710169.0118100885
534887.13766441,3710171.001974501
534887.2328635989,3710172.988695948
534887.3493827328,3710174.973699239
534887.5052653278,3710176.958337836
534887.6796423047,3710178.938893829
534887.8764533591,3710180.9163010735
534888.1093144186,3710182.8915962144
534888.3537952058,3710184.862139995
534888.5972624886,3710186.8374043675
534888.877973899,3710188.805437301
534889.1968424516,3710190.765294734
534889.5509276182,3710192.7177891023
534889.9329745388,3710194.66608599
534890.3308371232,3710196.615522232
534890.7675659021,3710198.554085275
534891.2213496406,3710200.4913973142
534891.6929823087,3710202.42586251
534892.1915992049,3710204.351612735
534892.7220729439,3710206.264645037
534893.2796611045,3710208.1708297115
534893.8773493386,3710210.0667978
534894.4904650486,3710211.9574747644
534895.1204440026,3710213.8388754283
534895.7816262527,3710215.7076281407
534896.4799822788,3710217.564689516
534897.2235129396,3710219.4066068605
534897.9919810286,3710221.2346086465
534898.7812858544,3710223.0575717585
534899.6103287971,3710224.865987765
534900.4826753138,3710226.657125074
534901.4027897754,3710228.426656764
534902.3541713697,3710230.176546724
534903.3336382457,3710231.908712688
534904.3599348203,3710233.609339215
534905.4250896334,3710235.287151566
534906.5387705808,3710236.9264939027
534907.6861826644,3710238.550861361
534908.8689539207,3710240.153371204
534910.0889777525,3710241.7271658992
534911.3740540987,3710243.2544989698
534912.70522714,3710244.7354036476
534914.0744827391,3710246.18010371
534915.4790694751,3710247.5865501673
534916.9238455406,3710248.9471328934
534918.4204235125,3710250.264676865
534919.9444238514,3710251.5502260285
534921.5162550361,3710252.773828515
534923.1374053209,3710253.9326035012
534924.7954368236,3710255.043406208
534926.4766910634,3710256.105727261
534928.1932182732,3710257.1077754213
534929.9441836936,3710258.0638482193
534931.7291427527,3710258.945304165
534933.5431901687,3710259.7676716065
534935.3806244085,3710260.5270554754
534937.2416559997,3710261.216584688
534939.121169252,3710261.834781608
534941.0213843457,3710262.4014613014
534942.9457539723,3710262.891307745
534944.8871142997,3710263.3015695643
534946.8459168072,3710263.635817204
534948.8130054798,3710263.8856740515
534950.7946224969,3710264.062657206
534952.7859848386,3710264.15489247
534954.775131152,3710264.173190047
534956.7628457007,3710264.105453502
534958.729415632,3710263.9661184135
534960.6924638565,3710263.7399332887
534962.6497462554,3710263.428035051
534964.5965895661,3710263.030740634
534966.5183001459,3710262.5401372467
534968.4108875057,3710261.9726704895
534970.2822439815,3710261.331453475
534972.128038575,3710260.617941462
534973.9426358348,3710259.8383949213
534975.7255081352,3710258.9816081
534977.4746966185,3710258.042395723
534979.186565217,3710257.0405611536
534980.8620901391,3710255.9858959606
534982.5053040886,3710254.8716412387
534984.1078851311,3710253.698456243
534985.6710561488,3710252.475226544
534987.1933404296,3710251.1883844635
534988.6850336074,3710249.868850924
534990.1436105329,3710248.506155501
534991.5633189549,3710247.10022063
534992.943664026,3710245.655522667
534994.3044760241,3710244.1979821664
534995.6471606923,3710242.716501351
534996.9646087385,3710241.209266884
534998.2612554232,3710239.684505361
534999.5446110996,3710238.1468246253
535000.8097458225,3710236.5942285694
535002.0730992934,3710235.0427087694
535003.3304456272,3710233.4877287457
535004.5810288382,3710231.9266128615
535005.8314198125,3710230.366219215
535007.0966449133,3710228.8255672655
535008.3693172599,3710227.2919508973
535009.6509148416,3710225.767250344
535010.9443780439,3710224.2553502456
535012.2652440006,3710222.7727825036
535013.6168286394,3710221.3227615464
535014.9879131501,3710219.8889634768
535016.3868844612,3710218.4867238896
535017.8122844719,3710217.1102983844
535019.2636751706,3710215.7572902828
535020.7466697772,3710214.4408359714
535022.2610953711,3710213.1581002534
535023.8067342824,3710211.914494586
535025.3790163973,3710210.709868211
535026.98302729,3710209.546030364
535028.6175023396,3710208.4191301754
535030.2837301233,3710207.3373947325
535031.9730750106,3710206.2947412184
535033.6827966446,3710205.2838205495
535035.4215957354,3710204.3192713843
535037.1966084471,3710203.4002897325
535038.994272567,3710202.519029378
535040.8029270293,3710201.678076554
535042.6313550819,3710200.8768144553
535044.4807285058,3710200.119464778
535046.3433588652,3710199.3973471886
535048.2348851111,3710198.7277325937
535050.1313142842,3710198.1036144644
535052.0395491928,3710197.5257769423
535053.9631132033,3710196.996824413
535055.9025329577,3710196.5186507534
535057.8510005362,3710196.078552268
535059.8097904469,3710195.6962745516
535061.7765522064,3710195.376848863
535063.751184645,3710195.1093741497
535065.7320123728,3710194.8899774337
535067.7144593907,3710194.720864473
535069.7013064038,3710194.618310663
535071.6925990868,3710194.552989387
535073.683184608,3710194.54525976
535075.6743146601,3710194.605529196
535077.6638611,3710194.721432426
535079.6462855851,3710194.9108539466
535081.6206927408,3710195.164322421
535083.5860709448,3710195.4726325315
535085.5410092558,3710195.8389826827
535087.4910778648,3710196.2600364326
535089.4266015891,3710196.7363030333
535091.3452963608,3710197.264968295
535093.2509006056,3710197.8464440694
535095.139762286,3710198.474353022
535097.0106673568,3710199.1600840217
535098.8618642796,3710199.901456224
535100.6912037958,3710200.684397604
535102.4985983621,3710201.516498777
535104.2837242772,3710202.3944451576
535106.0460637796,3710203.3198653758
535107.7852033441,3710204.2975003347
535109.5029889493,3710205.307528844
535111.2000081305,3710206.350739116
535112.8781634988,3710207.4264288344
535114.5429390485,3710208.528504909
535116.1876439047,3710209.667943256
535117.8153106013,3710210.832716719
535119.433177626,3710212.0076425583
535121.034682799,3710213.2045889082
535122.6276250085,3710214.4175296673
535124.2194682145,3710215.6356904972
535125.79412372,3710216.8682513507
535127.3503999325,3710218.1255167406
535128.8944456393,3710219.396688573
535130.4272093743,3710220.679879447
535131.9409498214,3710221.986017029
535133.4431431673,3710223.3017050168
535134.9363897197,3710224.624594131
535136.4269012848,3710225.9491465013
535137.9124003286,3710227.2773611154
535139.3863374805,3710228.6187075074
535140.8597378432,3710229.959326051
535142.3288147455,3710231.303183787
535143.7895716539,3710232.6560645797
535145.2439344627,3710234.015938553
535146.6938290762,3710235.380775817
535148.1452409658,3710236.744021778
535149.5996133997,3710238.1041844836
535151.0521501936,3710239.466726342
535152.5099195807,3710240.8238859423
535153.9725639502,3710242.1761785503
535155.4366977991,3710243.52749425
535156.910472124,3710244.868864815
535158.3917284225,3710246.2028127387
535159.8776572923,3710247.532586009
535161.3687560682,3710248.8577470975
535162.868586097,3710250.174443247
535164.3763447977,3710251.4836856765
535165.8807470956,3710252.7981692026
535167.3933619973,3710254.1051159343
535168.9063120497,3710255.4110978413
535170.4072452714,3710256.7274181456
535171.911537813,3710258.039994192
535173.4096324551,3710259.359958028
535174.8900634354,3710260.701447772
535176.362403152,3710262.051906591
535177.8380272804,3710263.3975930023
535179.3179256471,3710264.73748546
535180.7977163624,3710266.0765495887
535182.2700226973,3710267.4230890702
535183.7440216475,3710268.7669571815
535185.2201318829,3710270.107768978
535186.6916576719,3710271.4530691006
535188.1627204006,3710272.7983456324
535189.6351595982,3710274.1416299744
535191.1094248085,3710275.4825027776
535192.5861148188,3710276.8203783543
535194.0603682562,3710278.160756793
535195.5300960958,3710279.506048184
535197.0011478473,3710280.8498144983
535198.4676991804,3710282.1986291106
535199.9299096797,3710283.5523958616
535201.3929938354,3710284.9053845103
535202.8457165762,3710286.270199038
535204.2927375613,3710287.6417276477
535205.7428657316,3710289.010233899
535207.1828259055,3710290.3908334854
535208.6137654239,3710291.7822489683
535210.0444579883,3710293.1744600153
535211.4846089148,3710294.5574234426
535212.9300419398,3710295.9360837433
535214.3708052904,3710297.3201770107
535215.8055195054,3710298.7113059126
535217.233168886,3710300.1107417205
535218.6568113718,3710301.514552429
535220.089620799,3710302.9058849444
535221.5256388013,3710304.2923238305
535222.9592637019,3710305.6809980567
535224.3899819223,3710307.0725375297
535225.8222101938,3710308.4620769974
535227.2511152043,3710309.855320239
535228.6753988691,3710311.2536406894
535230.1029978781,3710312.6479563755
535231.5332690724,3710314.0390534606
535232.9655692829,3710315.4277181183
535234.3992553485,3710316.814736512
535235.8316399439,3710318.2030442804
535237.2618808682,3710319.5936368788
535238.692680313,3710320.983782786
535240.1241393378,3710322.373485609
535241.5554754477,3710323.7636780245
535242.9835697695,3710325.15774944
535244.4078373463,3710326.5564248213
535245.83112606,3710327.956819456
535247.2612503589,3710329.350735296
535248.7008170503,3710330.735855419
535250.1338485623,3710332.1290325793
535251.5669258233,3710333.5222830805
535253.0176373651,3710334.8967197584
535254.4734482655,3710336.2660418907
535255.919694727,3710337.6448784345
535257.3614657905,3710339.027176281
535258.8094793463,3710340.4022777113
535260.2497243062,3710341.7848301106
535261.683629911,3710343.173251411
535263.1242992417,3710344.5537213297
535264.562861335,3710345.9355102303
535265.9915588896,3710347.326738008
535267.4213469452,3710348.7158962362
535268.8544309424,3710350.1006820155
535270.275330324,3710351.4973807903
535271.6994688504,3710352.8888400937
535273.1384731327,3710354.262773974
535274.5800425629,3710355.632309858
535276.0202789416,3710357.0014807577
535277.4560509006,3710358.373932347
535278.888429133,3710359.7488918253
535280.3227683294,3710361.121081725
535281.7583501684,3710362.491610367
535283.1923502529,3710363.863800669
535284.6269336774,3710365.235729079
535286.0621743153,3710366.607670954
535287.500566738,3710367.9773562443
535288.9408153681,3710369.346500257
535290.3800958458,3710370.71842587
535291.8182340575,3710372.093259488
535293.2493567968,3710373.476751078
535294.683653346,3710374.858238552
535296.1241029553,3710376.2346153697
535297.5562422641,3710377.6210650853
535298.9863559277,3710378.9648714834
535300.4223381581,3710380.320264129
535301.8577072694,3710381.692853993
535303.2845267769,3710383.089760805
535304.7172969138,3710384.4945270647
535306.1608035635,3710385.900873751
535307.5983721969,3710387.325043797
535309.0350324943,3710388.7604698907
535310.4808925688,3710390.1952319476
535311.9265570077,3710391.6378690256
535313.373996543,3710393.085643974
535314.8349456905,3710394.5245365687
535316.2988945575,3710395.9634270915
535317.757229514,3710397.410242169
535319.2172653627,3710398.8569727303
